latitude,longitude,perturbed_lat,perturbed_long
43.0801749,-77.6201904,43.08041730955357,-77.62023952025545
43.0801749,-77.6201904,43.08014138803592,-77.62020554329321
43.0801735,-77.6201901,43.08029256571857,-77.62039071827012
43.0801735,-77.6201901,43.08017630867432,-77.62049212497516
43.0801674,-77.6201929,43.080358262861814,-77.62019351950201
43.0801674,-77.6201929,43.08019041220535,-77.62026724566442
43.0801594,-77.6201958,43.080215452343374,-77.62004181124782
43.0801594,-77.6201958,43.08004211450034,-77.62040466200594
43.0801544,-77.6201973,43.080116144831074,-77.62011759292362
43.0801544,-77.6201973,43.080229346458566,-77.61989483223168
43.0801523,-77.6201978,43.080136072893055,-77.62012290815235
43.0801523,-77.6201978,43.08015392419289,-77.62028334543044
43.0801509,-77.6201985,43.08044420059972,-77.62039035122284
43.0801509,-77.6201985,43.08047292870104,-77.62036917860308
43.0801464,-77.620196,43.0801373875661,-77.62011888554586
43.0801464,-77.620196,43.08055824012053,-77.61987770009124
43.0801423,-77.6201922,43.08015017184727,-77.62005559719435
43.0801423,-77.6201922,43.08004481543672,-77.62016721511405
43.0801408,-77.6201901,43.080177192327476,-77.62019814855302
43.0801408,-77.6201901,43.079887102093466,-77.61988376481538
43.0801401,-77.6201879,43.0803205812278,-77.62017270033154
43.0801401,-77.6201879,43.08002577250555,-77.62004593682678
43.0801407,-77.6201822,43.080096138079995,-77.62016603957477
43.0801407,-77.6201822,43.080326982201036,-77.61975498037692
43.0801413,-77.6201789,43.07988728267921,-77.62029020421483
43.0801413,-77.6201789,43.08011655297967,-77.62017222019439
43.0801414,-77.6201777,43.08015748514363,-77.62033651991658
43.0801414,-77.6201777,43.08021564009085,-77.6202596165991
43.0801405,-77.6201742,43.080124346758744,-77.62009390947814
43.0801405,-77.6201742,43.08018531476347,-77.62009085485903
43.080137,-77.6201697,43.08009699167083,-77.62025677364234
43.080137,-77.6201697,43.07985796813081,-77.62052936862331
43.0801438,-77.6201756,43.08026102999491,-77.6203537282034
43.0801438,-77.6201756,43.0800795198964,-77.62056112416703
43.0801425,-77.6201744,43.07990929082728,-77.6199095229901
43.0801425,-77.6201744,43.08023504608714,-77.62005914907202
43.08014,-77.6201717,43.080441617068836,-77.62005966183374
43.08014,-77.6201717,43.08022324308421,-77.62056469616374
43.0801357,-77.6201672,43.08026184715902,-77.62002214583167
43.0801357,-77.6201672,43.08019300601436,-77.62011329414351
43.0801305,-77.6201626,43.08025959477149,-77.62033022883928
43.0801305,-77.6201626,43.07985523613213,-77.62041302987139
43.0801124,-77.6201518,43.07993315498107,-77.62024385601714
43.0801124,-77.6201518,43.08024804293696,-77.62052903341565
43.0800995,-77.6201448,43.079911228963134,-77.6201337796988
43.0800995,-77.6201448,43.08017018923652,-77.61989512823196
43.0800929,-77.6201414,43.080088538725605,-77.62032216384073
43.0800929,-77.6201414,43.0799803629782,-77.6202018960422
43.080085,-77.6201266,43.08020640624932,-77.61994821983981
43.080085,-77.6201266,43.07992053757026,-77.62029135796483
43.0800799,-77.6201225,43.080147449438456,-77.62003635714485
43.0800799,-77.6201225,43.07995394440433,-77.62035113027578
43.0800691,-77.6201203,43.08021879971105,-77.62055102145354
43.0800691,-77.6201203,43.079939542958876,-77.6200871482722
43.0800587,-77.6201164,43.07999959444872,-77.62030900184692
43.0800587,-77.6201164,43.07992950530108,-77.6200656477229
43.0800501,-77.6201083,43.080017367188034,-77.6196979533579
43.0800501,-77.6201083,43.080234211772755,-77.62002405532417
43.0800457,-77.6201025,43.080037466744706,-77.61945303242338
43.0800457,-77.6201025,43.07987402418537,-77.62044269272401
43.0800402,-77.6200908,43.080088248361285,-77.6197249757752
43.0800402,-77.6200908,43.080055104357875,-77.62025688911847
43.080039,-77.6200847,43.07999078204873,-77.62014409693772
43.080039,-77.6200847,43.080075771288435,-77.62049600773918
43.0800363,-77.6200734,43.079714676405466,-77.61985767097298
43.0800363,-77.6200734,43.080040617770045,-77.6201910877718
43.0800346,-77.6200596,43.07993099118457,-77.61992216412271
43.0800346,-77.6200596,43.07993261920222,-77.6199411961456
43.0800338,-77.6200488,43.079917076346256,-77.62007719856597
43.0800338,-77.6200488,43.080086233638454,-77.61980529535576
43.0800357,-77.6200358,43.07991740839722,-77.61991860213381
43.0800357,-77.6200358,43.08001618109712,-77.62004731553657
43.0800392,-77.6200078,43.07999523388921,-77.61997668879975
43.0800392,-77.6200078,43.08011151682645,-77.62018367433609
43.0800475,-77.6199964,43.080066261310186,-77.61980003875749
43.0800475,-77.6199964,43.08001834146998,-77.62003244335013
43.0800553,-77.6199909,43.08013754733241,-77.62013805435915
43.0800553,-77.6199909,43.07998805563168,-77.61993409144627
43.0800655,-77.6199867,43.080100886433826,-77.61901645735048
43.0800655,-77.6199867,43.0801256218114,-77.61977474274649
43.0800772,-77.6199826,43.08007551005347,-77.61994083874534
43.0800772,-77.6199826,43.08011167802345,-77.6199604739534
43.0800851,-77.6199801,43.08009666286081,-77.61977037142414
43.0800851,-77.6199801,43.079987147801084,-77.61991315529337
43.0800911,-77.619977,43.08046144460984,-77.61980672523595
43.0800911,-77.619977,43.08015136185193,-77.61998657782274
43.0800997,-77.619974,43.08041561158837,-77.62051400310791
43.0800997,-77.619974,43.08007269779177,-77.62003174399022
43.080104,-77.6199718,43.079982848556,-77.62032275465492
43.080104,-77.6199718,43.08015940670383,-77.61981822758274
43.0801133,-77.619968,43.07999876124803,-77.61999006899836
43.0801133,-77.619968,43.08019515783134,-77.61977111231342
43.0801263,-77.6199632,43.08024622742457,-77.620127634517
43.0801263,-77.6199632,43.079992098843164,-77.62016253854324
43.0801329,-77.6199587,43.08002868339097,-77.61993863690351
43.0801329,-77.6199587,43.0802236976432,-77.6197390292724
43.0801444,-77.6199557,43.08000773322339,-77.61968604234258
43.0801444,-77.6199557,43.08023449058687,-77.6199228981312
43.0801558,-77.6199475,43.0801222439544,-77.61991760045731
43.0801558,-77.6199475,43.08027964068024,-77.61963428375596
43.0801633,-77.6199394,43.08050919628731,-77.6205102334648
43.0801633,-77.6199394,43.08009690765227,-77.61995906641643
43.0801695,-77.6199327,43.08006268836667,-77.62005042654228
43.0801695,-77.6199327,43.08023329277988,-77.61999513060086
43.0801758,-77.6199247,43.08022338847808,-77.62009077037612
43.0801758,-77.6199247,43.08006665763098,-77.62004019573867
43.0801826,-77.6199201,43.080446618680796,-77.61984683346701
43.0801826,-77.6199201,43.08003522505181,-77.62020276000848
43.0801893,-77.6199151,43.07998813956346,-77.61988383318413
43.0801893,-77.6199151,43.08016079935782,-77.61987426838205
43.0801942,-77.6199115,43.080147546996834,-77.62011130916609
43.0801942,-77.6199115,43.0801342442605,-77.61966583495531
43.0802016,-77.619907,43.080266708532186,-77.61996620847465
43.0802016,-77.619907,43.07976734542154,-77.61954868618366
43.0802058,-77.6199048,43.08061389697417,-77.6200349112454
43.0802058,-77.6199048,43.08057290966704,-77.6200995401162
43.0802133,-77.6199018,43.08020929206636,-77.6198451162883
43.0802133,-77.6199018,43.08001235429701,-77.62012102004576
43.0802221,-77.6198974,43.079978697797664,-77.61969118313864
43.0802221,-77.6198974,43.0804183951016,-77.61975700947572
43.0802356,-77.6198935,43.08027961566516,-77.62023799482095
43.0802356,-77.6198935,43.08041383936062,-77.61960962687526
43.0802443,-77.6198887,43.080201277352,-77.62008015940098
43.0802443,-77.6198887,43.08056892214909,-77.62004985074724
43.0802555,-77.6198826,43.08035142444496,-77.62001073040088
43.0802555,-77.6198826,43.08016836008002,-77.6200274992719
43.0802625,-77.6198744,43.07973894735049,-77.61983017361634
43.0802625,-77.6198744,43.08028182154455,-77.6204887605242
43.0802673,-77.6198683,43.08037773504216,-77.62007181806311
43.0802673,-77.6198683,43.080138698608444,-77.61965084930405
43.0802777,-77.6198563,43.08019338971445,-77.62009203641173
43.0802777,-77.6198563,43.08026340929852,-77.6199796422604
43.0802839,-77.6198473,43.08021646235429,-77.61981649664574
43.0802839,-77.6198473,43.08009245754612,-77.62006829501726
43.0802883,-77.6198381,43.080353959574005,-77.62010709548835
43.0802883,-77.6198381,43.080194007062715,-77.61995683531471
43.0802914,-77.6198308,43.080343152062476,-77.62013000580144
43.0802914,-77.6198308,43.080372820173835,-77.61978868824775
43.0802945,-77.6198214,43.08054330113606,-77.61999676587598
43.0802945,-77.6198214,43.080412394252164,-77.62020923552886
43.0803059,-77.619807,43.08021373735458,-77.61972053288741
43.0803059,-77.619807,43.0801456107568,-77.61990841138834
43.0803079,-77.6197931,43.08035533339425,-77.61967714153253
43.0803079,-77.6197931,43.08040518515789,-77.61982253354581
43.08031,-77.619785,43.080586452004525,-77.62025027837832
43.08031,-77.619785,43.08036741478247,-77.62002990835119
43.0803125,-77.6197751,43.08053467310944,-77.61975829047624
43.0803125,-77.6197751,43.08051260741616,-77.61988766507116
43.0803172,-77.6197606,43.08041468542427,-77.61978189994569
43.0803172,-77.6197606,43.07990437517448,-77.61956371945489
43.0803184,-77.6197492,43.0804083896725,-77.61992221283793
43.0803184,-77.6197492,43.08041307553004,-77.61975924937227
43.0803188,-77.6197455,43.08020822142364,-77.6196342392512
43.0803188,-77.6197455,43.08038008947464,-77.61978203016892
43.0803197,-77.6197368,43.08029273255744,-77.61931163133956
43.0803197,-77.6197368,43.080143332954755,-77.61983369436776
43.0803202,-77.61973,43.08035094056034,-77.6199862359239
43.0803202,-77.61973,43.08001351039512,-77.6198708844412
43.0803199,-77.619724,43.08033150389315,-77.61967660018338
43.0803199,-77.619724,43.080743270251446,-77.61988761197799
43.0803202,-77.619714,43.08042113128093,-77.61966716400353
43.0803202,-77.619714,43.08035685648001,-77.61961590808306
43.0803212,-77.619701,43.080276981499985,-77.61987407117428
43.0803212,-77.619701,43.080372416326256,-77.61944854075809
43.0803224,-77.619694,43.08040321302682,-77.61953880280169
43.0803224,-77.619694,43.080178952653306,-77.6200389439476
43.0803246,-77.6196837,43.08032004080958,-77.61977160978485
43.0803246,-77.6196837,43.08043290477313,-77.61951816794628
43.0803261,-77.6196814,43.080298496549325,-77.61959553967078
43.0803261,-77.6196814,43.08028044870245,-77.61940055413447
43.080328,-77.6196758,43.08047770038476,-77.61980100791638
43.080328,-77.6196758,43.080192013478914,-77.61975042109907
43.0803404,-77.6196634,43.08040363676175,-77.61971173363382
43.0803404,-77.6196634,43.08037704239646,-77.61967409500188
43.0803428,-77.619658,43.08038268908807,-77.6196603196729
43.0803428,-77.619658,43.08032053451015,-77.6197591254687
43.0803451,-77.6196517,43.08034666595704,-77.6197206029136
43.0803451,-77.6196517,43.08045774163294,-77.6196624551255
43.0803484,-77.6196424,43.0801453764862,-77.61962283825382
43.0803484,-77.6196424,43.080426512136924,-77.61930152742801
43.0803514,-77.6196314,43.080393126369444,-77.61959167992242
43.0803514,-77.6196314,43.080412933956474,-77.61953877026339
43.0803562,-77.6196151,43.080726853745986,-77.61929946709544
43.0803562,-77.6196151,43.08016806297605,-77.61976609855478
43.0803755,-77.6196062,43.08044425419332,-77.61948302596383
43.0803755,-77.6196062,43.08018902483341,-77.61941279104464
43.0803791,-77.6195995,43.0804837242154,-77.61938819331272
43.0803791,-77.6195995,43.080378034364664,-77.61966155918135
43.0803823,-77.6195887,43.08012351936095,-77.61957886023168
43.0803823,-77.6195887,43.08031998885361,-77.61977145634802
43.0803846,-77.6195825,43.080306806152954,-77.61954499795333
43.0803846,-77.6195825,43.080417923627195,-77.6195165188724
43.0803882,-77.6195746,43.08015414915866,-77.6191381915908
43.0803882,-77.6195746,43.080441875736604,-77.61944741310239
43.080391,-77.6195601,43.08028227865833,-77.61923514833418
43.080391,-77.6195601,43.080457491798526,-77.62017619273956
43.0804002,-77.6195547,43.08046742626774,-77.61947587349744
43.0804002,-77.6195547,43.08023624583906,-77.61959773772675
43.0804014,-77.6195471,43.08009314178565,-77.61973559809067
43.0804014,-77.6195471,43.08035148997619,-77.61960632804616
43.0804027,-77.6195376,43.08037118710411,-77.61946487515759
43.0804027,-77.6195376,43.080543105890904,-77.62046424723674
43.0804037,-77.6195261,43.08053692098562,-77.61946473096374
43.0804037,-77.6195261,43.08014467071193,-77.61945163099715
43.0804049,-77.6195089,43.08056479484066,-77.61955154189097
43.0804049,-77.6195089,43.080313207410555,-77.61928756792796
43.080405,-77.6194947,43.080379437766155,-77.61943160125831
43.080405,-77.6194947,43.08047782634509,-77.61961000027098
43.0804096,-77.6194867,43.08060148836324,-77.61938108609961
43.0804096,-77.6194867,43.0801109983528,-77.6195537787489
43.0804096,-77.6194809,43.08044488871731,-77.61954989279593
43.0804096,-77.6194809,43.080308646624985,-77.61968012670458
43.0804097,-77.6194698,43.08010662792865,-77.61939703512414
43.0804097,-77.6194698,43.08046856667227,-77.61939499637671
43.0804085,-77.6194582,43.08042785749948,-77.61938961874117
43.0804085,-77.6194582,43.0804569638359,-77.61966104698115
43.0804085,-77.6194418,43.080318486542204,-77.61963245024181
43.0804085,-77.6194418,43.08046977416882,-77.61930949408439
43.0804077,-77.6194276,43.08040326865398,-77.6192156010252
43.0804077,-77.6194276,43.0803572056191,-77.61931921935046
43.0804039,-77.6194122,43.08043635711821,-77.61934107678519
43.0804039,-77.6194122,43.08030259555616,-77.61906166383645
43.0804022,-77.6193989,43.080345847590806,-77.61945678678374
43.0804022,-77.6193989,43.07989433704545,-77.61981821014926
43.0804021,-77.6193924,43.080299199858004,-77.61931820372133
43.0804021,-77.6193924,43.080598779497066,-77.61973498217533
43.0804021,-77.6193829,43.080520407899265,-77.61959277781585
43.0804021,-77.6193829,43.08030381344009,-77.61941651974078
43.0804008,-77.619367,43.08006361695955,-77.61979808400204
43.0804008,-77.619367,43.08043550612052,-77.61946051858429
43.0804001,-77.6193604,43.080870898048,-77.61957986246153
43.0804001,-77.6193604,43.0805273269119,-77.61941667292767
43.0803995,-77.6193534,43.08048468251931,-77.61927725087565
43.0803995,-77.6193534,43.08044839757688,-77.61945973422839
43.0803981,-77.6193427,43.08037212277743,-77.61956771914232
43.0803981,-77.6193427,43.08039688338758,-77.61925930079812
43.0803957,-77.6193309,43.080436396058516,-77.61942392863884
43.0803957,-77.6193309,43.08028071251734,-77.61964065579609
43.0803927,-77.6193138,43.08038371348054,-77.61935158335292
43.0803927,-77.6193138,43.080728953193436,-77.61926411417035
43.0803911,-77.6192998,43.08061382739452,-77.6195406701697
43.0803911,-77.6192998,43.08024189118882,-77.61944824349587
43.0803903,-77.6192921,43.08008444923299,-77.61984926803306
43.0803903,-77.6192921,43.0803437740598,-77.61915464960111
43.0803891,-77.6192828,43.080462885601875,-77.6192952389227
43.0803891,-77.6192828,43.0803264005586,-77.61955410027055
43.0803893,-77.6192762,43.08038229806876,-77.61947358758074
43.0803893,-77.6192762,43.08053669628195,-77.62007935461389
43.0803894,-77.6192669,43.0804177675264,-77.61939974759751
43.0803894,-77.6192669,43.080454986479424,-77.61888200322801
43.0803907,-77.6192505,43.08035978135464,-77.61923403320324
43.0803907,-77.6192505,43.080361970603114,-77.61941418047033
43.0803909,-77.619241,43.080286592535835,-77.61922289649245
43.0803909,-77.619241,43.0803744010607,-77.61937723755406
43.0803916,-77.6192308,43.080556333181185,-77.61966278193636
43.0803916,-77.6192308,43.080405966935565,-77.61920365109671
43.0803916,-77.6192241,43.08026505944456,-77.61936023757902
43.0803916,-77.6192241,43.08043052217547,-77.61908755462188
43.0803917,-77.6192218,43.0804131890144,-77.61905620483135
43.0803917,-77.6192218,43.08037165787232,-77.61893417059095
43.0803915,-77.6192056,43.080311637688865,-77.61921565474218
43.0803915,-77.6192056,43.08031318312604,-77.6192993740636
43.0803932,-77.6191894,43.08048206815277,-77.6191138896669
43.0803932,-77.6191894,43.0801954584288,-77.61916199672474
43.0803935,-77.6191813,43.08045354105105,-77.61911044938888
43.0803935,-77.6191813,43.08041714937135,-77.61891338285021
43.0803942,-77.6191755,43.08080298882389,-77.61919368614707
43.0803942,-77.6191755,43.08031487128416,-77.61923580410142
43.0803947,-77.619164,43.08027771314878,-77.61939942161959
43.0803947,-77.619164,43.080458550513605,-77.61907895899532
43.0803944,-77.6191566,43.080346521933095,-77.61966011254604
43.0803944,-77.6191566,43.08043729371466,-77.61906653545279
43.0803931,-77.6191391,43.08054879571523,-77.61894287581708
43.0803931,-77.6191391,43.08045294226753,-77.61909473812133
43.0803943,-77.6191239,43.080429973669816,-77.61941383623463
43.0803943,-77.6191239,43.08055269996496,-77.61967889771992
43.0803949,-77.6191153,43.08034606609017,-77.61892687128268
43.0803949,-77.6191153,43.080342994121594,-77.6190796228703
43.0803949,-77.6191037,43.080438519935846,-77.61967515549631
43.0803949,-77.6191037,43.08027685535469,-77.6190938071817
43.0803948,-77.6190993,43.08058340848618,-77.61937907104559
43.0803948,-77.6190993,43.08046928251024,-77.61925098458676
43.0803947,-77.6190933,43.08037456738512,-77.61852404992962
43.0803947,-77.6190933,43.08047680105304,-77.61913542306628
43.0803957,-77.6190752,43.08060228131735,-77.6191912402735
43.0803957,-77.6190752,43.08042015057755,-77.61897220471661
43.0803977,-77.6190605,43.08047775125918,-77.61907251211669
43.0803977,-77.6190605,43.08037196118596,-77.61898903846489
43.0803982,-77.6190509,43.08049256542319,-77.61898281397667
43.0803982,-77.6190509,43.08031759510513,-77.61883241959072
43.0804007,-77.6190383,43.08070888814122,-77.61919188085307
43.0804007,-77.6190383,43.08042270142736,-77.61897963705849
43.0804028,-77.619035,43.08057138940602,-77.61861955163197
43.0804028,-77.619035,43.08045868724827,-77.61895438413049
43.0804048,-77.619027,43.08062719695276,-77.61869291791811
43.0804048,-77.619027,43.08043434076344,-77.61966855919789
43.0804094,-77.6190103,43.0806333140678,-77.61909955159022
43.0804094,-77.6190103,43.08040496265505,-77.61899379162341
43.0804103,-77.619003,43.0803196798527,-77.61896817687395
43.0804103,-77.619003,43.08045702151375,-77.61909413065625
43.0804116,-77.6189949,43.08036310640875,-77.61877695321205
43.0804116,-77.6189949,43.08007214489103,-77.61854672425129
43.0804132,-77.6189829,43.08021320001456,-77.61872786978824
43.0804132,-77.6189829,43.08033660361971,-77.61919878616604
43.0804159,-77.61897,43.080401921451475,-77.61861464666748
43.0804159,-77.61897,43.0804795188922,-77.61860569819159
43.0804171,-77.618964,43.08025356442411,-77.61918278314363
43.0804171,-77.618964,43.080298088617454,-77.6190206848988
43.0804187,-77.6189532,43.080318201060145,-77.6190889459521
43.0804187,-77.6189532,43.08043754716944,-77.61897638816832
43.0804225,-77.6189382,43.080377618044174,-77.61893641913043
43.0804225,-77.6189382,43.08052358927119,-77.61898651040049
43.080425,-77.6189289,43.08048776587915,-77.61891096105342
43.080425,-77.6189289,43.0805832784135,-77.61915645017336
43.080428,-77.6189177,43.080418831200255,-77.61893618847806
43.080428,-77.6189177,43.08035616928782,-77.61882585533058
43.08043,-77.6189112,43.08054313950789,-77.61923437341531
43.08043,-77.6189112,43.08018006590462,-77.6189602784098
43.0804326,-77.6189007,43.08039611716118,-77.61895486413884
43.0804326,-77.6189007,43.08012539562026,-77.6187047086556
43.0804381,-77.6188826,43.0805349399488,-77.61920423526128
43.0804381,-77.6188826,43.080362295241656,-77.61874948464452
43.0804403,-77.6188746,43.0804393768907,-77.61907138984907
43.0804403,-77.6188746,43.08030585869793,-77.6188054078325
43.0804436,-77.6188661,43.080501522618725,-77.61866082698681
43.0804436,-77.6188661,43.080429412569934,-77.6190742381839
43.0804462,-77.6188577,43.080433210982115,-77.6184380736745
43.0804462,-77.6188577,43.08015696670574,-77.61852079477706
43.080449,-77.6188503,43.080498745770406,-77.61885375240742
43.080449,-77.6188503,43.080520757809865,-77.61918358403192
43.0804513,-77.6188419,43.08046291578805,-77.61964875588106
43.0804513,-77.6188419,43.080462718159616,-77.61906291532112
43.0804558,-77.6188227,43.08049882578218,-77.61865207039686
43.0804558,-77.6188227,43.08051975478672,-77.61888526425426
43.0804629,-77.6188033,43.080614788684606,-77.6190548159814
43.0804629,-77.6188033,43.07991344184442,-77.61843107349694
43.0804654,-77.6187959,43.08053273089199,-77.61902461800271
43.0804654,-77.6187959,43.08045404323548,-77.61904249157821
43.0804677,-77.6187897,43.08045515726266,-77.61878835488548
43.0804677,-77.6187897,43.08036470381352,-77.61901820147867
43.0804711,-77.6187792,43.08025951955089,-77.61875521222996
43.0804711,-77.6187792,43.08072588983108,-77.61796324916979
43.0804745,-77.6187684,43.08053558770171,-77.6188587943637
43.0804745,-77.6187684,43.080583009218486,-77.61853266767956
43.0804793,-77.6187521,43.0808589867772,-77.61860769575439
43.0804793,-77.6187521,43.08030310526085,-77.61834567442918
43.0804846,-77.6187395,43.08053657850176,-77.6188191588088
43.0804846,-77.6187395,43.080699346146666,-77.61947751461886
43.0804874,-77.6187331,43.08051523746892,-77.6188179654885
43.0804874,-77.6187331,43.08048265689932,-77.61875030962564
43.08049,-77.6187278,43.080557016913914,-77.61869194623482
43.08049,-77.6187278,43.08051616004495,-77.61886074279312
43.0804939,-77.6187178,43.08056974636237,-77.61884124684046
43.0804939,-77.6187178,43.080443724936885,-77.61862541188228
43.0804986,-77.6187083,43.08060705073981,-77.61884105015321
43.0804986,-77.6187083,43.08044929986369,-77.61848142726066
43.0805062,-77.6186941,43.08050990158218,-77.61855964519367
43.0805062,-77.6186941,43.080491018792614,-77.61861959795631
43.0805148,-77.6186828,43.08040776803234,-77.61845042679145
43.0805148,-77.6186828,43.08047020296743,-77.61866037789237
43.0805184,-77.6186766,43.08059033890174,-77.6186061604757
43.0805184,-77.6186766,43.080451556253166,-77.61846469921156
43.0805217,-77.6186722,43.08048568404044,-77.61883689029827
43.0805217,-77.6186722,43.08023622084282,-77.61913634239806
43.0805274,-77.6186626,43.08044505574908,-77.61881064092401
43.0805274,-77.6186626,43.080640651869544,-77.61886220774748
43.0805325,-77.6186552,43.080569818831414,-77.61854634428119
43.0805325,-77.6186552,43.08047168330074,-77.61860440605012
43.0805416,-77.6186435,43.08051622168145,-77.61801878935141
43.0805416,-77.6186435,43.08071799424351,-77.61910693091754
43.0805474,-77.6186319,43.080560086418494,-77.61855219862123
43.0805474,-77.6186319,43.080202134734876,-77.61868368968476
43.0805507,-77.6186232,43.08038617990407,-77.61838250824651
43.0805507,-77.6186232,43.080423058037724,-77.61850742754834
43.0805538,-77.618613,43.08060854282469,-77.61889346264142
43.0805538,-77.618613,43.080388557995725,-77.61847039012396
43.0805556,-77.6186072,43.08054448931542,-77.6185083304657
43.0805556,-77.6186072,43.080747053871384,-77.61806673861551
43.0805587,-77.6185968,43.08051137985724,-77.6192155000168
43.0805587,-77.6185968,43.08046793318014,-77.61863994974436
43.0805625,-77.6185816,43.08064947682249,-77.61871527806346
43.0805625,-77.6185816,43.08066569637236,-77.6186629543357
43.0805659,-77.6185703,43.08058085646103,-77.61853282121066
43.0805659,-77.6185703,43.08041453903526,-77.61850893611714
43.0805667,-77.6185671,43.08070563451348,-77.6185972941189
43.0805667,-77.6185671,43.08043136637956,-77.61827305383926
43.0805696,-77.6185587,43.08069732129807,-77.61880047097235
43.0805696,-77.6185587,43.08077609126982,-77.61863769908811
43.080575,-77.6185507,43.08037445331423,-77.61838187635647
43.080575,-77.6185507,43.08068193050736,-77.61891059100282
43.0805841,-77.618539,43.08054499266329,-77.61865626679585
43.0805841,-77.618539,43.080718628336385,-77.61864684344542
43.0805957,-77.6185296,43.080695810822384,-77.61863533828708
43.0805957,-77.6185296,43.080583142882254,-77.61834671709207
43.080601,-77.6185238,43.08061431123282,-77.61846411718787
43.080601,-77.6185238,43.08037899543925,-77.61840585894552
43.0806097,-77.6185148,43.08048906340022,-77.61893180420803
43.0806097,-77.6185148,43.08080665926371,-77.61885949764783
43.0806151,-77.618509,43.08056125512743,-77.61847070296068
43.0806151,-77.618509,43.08044298602027,-77.61845094115111
43.0806206,-77.6185012,43.080687771390764,-77.61866303783117
43.0806206,-77.6185012,43.08056523380892,-77.61877712934802
43.0806315,-77.6184875,43.08056179554796,-77.61879591889573
43.0806315,-77.6184875,43.08090393217932,-77.61894221026753
43.0806402,-77.6184767,43.080624616491306,-77.6188854558561
43.0806402,-77.6184767,43.08062114372422,-77.61882777195291
43.0806451,-77.6184696,43.080716998258026,-77.61855761150996
43.0806451,-77.6184696,43.08055670274351,-77.61847892819904
43.0806512,-77.6184608,43.080774321503135,-77.61846398635979
43.0806512,-77.6184608,43.08073752328456,-77.61834458313925
43.0806548,-77.6184564,43.08088988716909,-77.61840763631143
43.0806548,-77.6184564,43.08053228538244,-77.61858994959613
43.0806616,-77.618448,43.08073461566056,-77.61846102846705
43.0806616,-77.618448,43.08073392235748,-77.61824387692141
43.0806692,-77.6184379,43.080393020751096,-77.61713337997149
43.0806692,-77.6184379,43.08054940179681,-77.61809330560209
43.0806741,-77.6184262,43.08050377943598,-77.61883591256608
43.0806741,-77.6184262,43.08081116930451,-77.61813124925996
43.0806781,-77.6184155,43.080685606877964,-77.61863720507176
43.0806781,-77.6184155,43.0809234172683,-77.6179212267524
43.0806804,-77.618407,43.08044618484906,-77.61882072919887
43.0806804,-77.618407,43.080697936225384,-77.61858437845423
43.0806823,-77.6184005,43.080506068019616,-77.61828761362807
43.0806823,-77.6184005,43.08047645841391,-77.61813814087118
43.0806856,-77.6183922,43.08065181369412,-77.6174635861339
43.0806856,-77.6183922,43.08086559997344,-77.61827779572857
43.080692,-77.61838,43.08084443307008,-77.6180638939079
43.080692,-77.61838,43.080869200454245,-77.61842577007273
43.080695,-77.6183761,43.080827713062284,-77.61897318309617
43.080695,-77.6183761,43.08081754017203,-77.61820317979257
43.0806993,-77.6183706,43.08083987284828,-77.61881891961208
43.0806993,-77.6183706,43.080661852822544,-77.61812258043278
43.0807039,-77.6183651,43.08067781515952,-77.61826286091213
43.0807039,-77.6183651,43.080677964184,-77.61827505358995
43.0807109,-77.6183608,43.08068562365067,-77.61841964565401
43.0807109,-77.6183608,43.080544009121645,-77.61833972914197
43.0807161,-77.6183576,43.08069982831307,-77.61839776223444
43.0807161,-77.6183576,43.08049251691973,-77.61837021285463
43.0807238,-77.618357,43.0808200789449,-77.61847370516851
43.0807238,-77.618357,43.08063199584832,-77.61842074316075
43.0807334,-77.6183547,43.08081725293498,-77.6184785716421
43.0807334,-77.6183547,43.08079693293758,-77.61848397612631
43.0807428,-77.6183573,43.08089702780703,-77.61832446162083
43.0807428,-77.6183573,43.080807953192696,-77.61859310096544
43.0807498,-77.6183583,43.08081562599051,-77.61863551833062
43.0807498,-77.6183583,43.08074062637515,-77.61833572314099
43.0807575,-77.6183598,43.08083130241269,-77.61836385255151
43.0807575,-77.6183598,43.08094153521811,-77.61814711631963
43.0807621,-77.6183609,43.080823682497964,-77.61823589594505
43.0807621,-77.6183609,43.08088893220537,-77.61820679173672
43.0807714,-77.6183626,43.0804651815253,-77.61823082144161
43.0807714,-77.6183626,43.080749013837455,-77.61839823397418
43.0807823,-77.6183638,43.0808611541638,-77.61880937168894
43.0807823,-77.6183638,43.08102328178361,-77.61809166090423
43.080791,-77.6183667,43.080762081476664,-77.61827858837717
43.080791,-77.6183667,43.08085841079774,-77.61846259361126
43.0807979,-77.6183677,43.080601265311024,-77.61826847708677
43.0807979,-77.6183677,43.08089333334739,-77.61734809482914
43.080805,-77.6183701,43.08093364765031,-77.61826175559659
43.080805,-77.6183701,43.080828209402526,-77.6183835149428
43.0808089,-77.6183716,43.08084488945569,-77.61844895879095
43.0808089,-77.6183716,43.080525595107126,-77.61791382424418
43.0808162,-77.6183736,43.08099104953058,-77.61873480259871
43.0808162,-77.6183736,43.08072755337311,-77.61827740435862
43.0808238,-77.6183777,43.080851774256665,-77.61797124267594
43.0808238,-77.6183777,43.08056571129314,-77.61859319372344
43.0808284,-77.618379,43.080588371718726,-77.61834015922042
43.0808284,-77.618379,43.0808885219939,-77.61804470031642
43.0808318,-77.6183802,43.08114798019264,-77.6182932950277
43.0808318,-77.6183802,43.08087080227737,-77.61840302835702
43.0808388,-77.6183815,43.08115353087695,-77.61853645135527
43.0808388,-77.6183815,43.08093494280752,-77.61834647228615
43.080846,-77.6183832,43.080895669258716,-77.61877027645403
43.080846,-77.6183832,43.080851193841504,-77.61813899751644
43.0808507,-77.618384,43.08094076493905,-77.61859847114478
43.0808507,-77.618384,43.08116708290315,-77.61841327141076
43.0808579,-77.6183849,43.080717929902924,-77.61839447363897
43.0808579,-77.6183849,43.08098373657543,-77.61838813735918
43.0808713,-77.6183883,43.080554526880505,-77.61847363817267
43.0808713,-77.6183883,43.08064259309795,-77.61816926969045
43.0808807,-77.6183907,43.08092573080188,-77.61846495960124
43.0808807,-77.6183907,43.08118483583153,-77.61933652324701
43.0808876,-77.6183918,43.080785784597865,-77.61836091013396
43.0808876,-77.6183918,43.08117527115656,-77.61880307665324
43.080896,-77.6183925,43.08088966082936,-77.61856630334542
43.080896,-77.6183925,43.08067291348943,-77.61802097437855
43.0809017,-77.6183929,43.08120018432016,-77.61865082272942
43.0809017,-77.6183929,43.08083884169329,-77.61803124556423
43.0809093,-77.6183936,43.08071345973293,-77.61827583673801
43.0809093,-77.6183936,43.081232704275926,-77.61879786623874
43.080914,-77.6183927,43.08093108570013,-77.61852774055083
43.080914,-77.6183927,43.08098825285584,-77.61812538164834
43.0809231,-77.6183929,43.08098480279151,-77.61847357670071
43.0809231,-77.6183929,43.081064808448446,-77.6186518126011
43.0809339,-77.6183918,43.08047503648753,-77.61797683826683
43.0809339,-77.6183918,43.080688410846655,-77.61829121735919
43.0809412,-77.6183923,43.080639372754035,-77.61908561421325
43.0809412,-77.6183923,43.08095855022749,-77.61837500204174
43.0809464,-77.6183929,43.08110362736697,-77.61820836742575
43.0809464,-77.6183929,43.08090880757235,-77.61857264161081
43.0809537,-77.6183933,43.081069610155815,-77.61848120439976
43.0809537,-77.6183933,43.081135804135215,-77.61801644611793
43.0809603,-77.6183945,43.08069359937781,-77.61870954081212
43.0809603,-77.6183945,43.080916253552296,-77.61841660215225
43.0809714,-77.6183952,43.080816590777786,-77.6179882722528
43.0809714,-77.6183952,43.08083545357898,-77.61876624640135
43.0809763,-77.6183952,43.08081288012447,-77.6186705882207
43.0809763,-77.6183952,43.081153943114145,-77.61831689310577
43.080981,-77.6183944,43.08102847666089,-77.61851976980188
43.080981,-77.6183944,43.080984445653066,-77.61839847099006
43.0809918,-77.6183945,43.08089734525083,-77.61866942777867
43.0809918,-77.6183945,43.08111496909272,-77.61837477895597
43.0809978,-77.6183943,43.08107545117736,-77.6184241522722
43.0809978,-77.6183943,43.08095353436366,-77.61898296681402
43.0810111,-77.6183971,43.08105761914661,-77.61828027214324
43.0810111,-77.6183971,43.081100006621455,-77.6183771576979
43.081021,-77.6184002,43.08079557915477,-77.61772706386812
43.081021,-77.6184002,43.080931260742055,-77.61858302340737
43.0810321,-77.6184036,43.08096916257657,-77.61861916250422
43.0810321,-77.6184036,43.080871115433325,-77.61775952486659
43.0810431,-77.618408,43.08108473957615,-77.61838307974656
43.0810431,-77.618408,43.08112834553369,-77.61864874093997
43.0810478,-77.6184122,43.08111922244446,-77.61852979406106
43.0810478,-77.6184122,43.081244056927304,-77.61771418628727
43.0810514,-77.6184154,43.08081445499134,-77.6184433887474
43.0810514,-77.6184154,43.081058322794746,-77.6186417821208
43.0810582,-77.6184219,43.080543035587795,-77.61897810164952
43.0810582,-77.6184219,43.08124401368263,-77.61850344043569
43.0810665,-77.6184348,43.08096824161957,-77.61860334337007
43.0810665,-77.6184348,43.081078847651206,-77.61823847915637
43.0810687,-77.6184394,43.08092704580515,-77.61836831039514
43.0810687,-77.6184394,43.08140222177984,-77.61828400772457
43.0810716,-77.6184448,43.08089134530269,-77.61916949559743
43.0810716,-77.6184448,43.0810296375877,-77.61845745181309
43.0810737,-77.618449,43.08114092580129,-77.61850572329698
43.0810737,-77.618449,43.08101491858685,-77.61874985428504
43.0810771,-77.6184568,43.08115306206204,-77.61814328832729
43.0810771,-77.6184568,43.081217015846015,-77.61884132852498
43.0810795,-77.6184637,43.08118566191359,-77.61809898391856
43.0810795,-77.6184637,43.08066934983819,-77.61855891889816
43.0810809,-77.6184705,43.08117639605546,-77.61847755830382
43.0810809,-77.6184705,43.08125970643941,-77.61845290628278
43.0810835,-77.6184804,43.08096793508998,-77.61843891855267
43.0810835,-77.6184804,43.08110482009975,-77.61902091673554
43.0810838,-77.6184871,43.08109112210515,-77.61847919095112
43.0810838,-77.6184871,43.081105018511764,-77.61832821205523
43.0810857,-77.6184993,43.0810056009597,-77.61844883566135
43.0810857,-77.6184993,43.08125187549435,-77.61832546053245
43.0810855,-77.6185145,43.08109571367136,-77.61851837739975
43.0810855,-77.6185145,43.08123257205344,-77.61849915938397
43.0810854,-77.6185254,43.08108731620624,-77.61852989205795
43.0810854,-77.6185254,43.08109589812485,-77.61853447428328
43.0810845,-77.618537,43.08139993212873,-77.61857407903557
43.0810845,-77.618537,43.08135082904909,-77.6184541329087
43.0810843,-77.6185451,43.081075407962,-77.61826542903383
43.0810843,-77.6185451,43.081261085728556,-77.61841794201902
43.0810846,-77.6185558,43.08140650027258,-77.61858781428133
43.0810846,-77.6185558,43.08092844013163,-77.61861844181182
43.081086,-77.6185744,43.080999592388274,-77.61829116528713
43.081086,-77.6185744,43.08105741035902,-77.61836752475905
43.0810859,-77.6185901,43.08109154748596,-77.61870073412068
43.0810859,-77.6185901,43.08117184237745,-77.61857510300686
43.0810858,-77.6185999,43.08112876421234,-77.6183859977586
43.0810858,-77.6185999,43.08114228476468,-77.61849111850084
43.0810855,-77.6186179,43.08119332947446,-77.6188665680403
43.0810855,-77.6186179,43.0811864856061,-77.61837266949343
43.0810841,-77.6186335,43.08070324223899,-77.6185767880871
43.0810841,-77.6186335,43.08078867936137,-77.61835196183353
43.081083,-77.6186483,43.08116170689868,-77.61860154422246
43.081083,-77.6186483,43.080807097419665,-77.61890878717503
43.0810814,-77.6186647,43.0811171388265,-77.61862614983309
43.0810814,-77.6186647,43.08111022697425,-77.61810680568392
43.0810809,-77.6186748,43.081061095478304,-77.61878486671414
43.0810809,-77.6186748,43.08112903050134,-77.61852189495387
43.0810802,-77.6186856,43.081058015022926,-77.61878687689257
43.0810802,-77.6186856,43.080988803874966,-77.61893266674342
43.08108,-77.618695,43.081041377391735,-77.61856068621152
43.08108,-77.618695,43.08095872976548,-77.61877621710664
43.0810789,-77.6187037,43.08111604253518,-77.61871010566286
43.0810789,-77.6187037,43.08115058551187,-77.61866500841268
43.0810775,-77.6187094,43.08120958528641,-77.61885049742057
43.0810775,-77.6187094,43.08123558430442,-77.61930996726782
43.081076,-77.6187216,43.081111912778226,-77.61842165861898
43.081076,-77.6187216,43.08106008702228,-77.6188062472536
43.081075,-77.6187356,43.08111032489108,-77.61868397132291
43.081075,-77.6187356,43.08130947140393,-77.61903138182153
43.0810751,-77.6187435,43.08099069474958,-77.61858505835745
43.0810751,-77.6187435,43.08104788484908,-77.61879920264423
43.0810753,-77.6187511,43.081022344220116,-77.61893666944498
43.0810753,-77.6187511,43.080768472455816,-77.61922274359814
43.081076,-77.618764,43.08083971922629,-77.61890631755274
43.081076,-77.618764,43.081230822240805,-77.6189887261178
43.0810764,-77.6187762,43.08119496026356,-77.61878914269376
43.0810764,-77.6187762,43.080938417401676,-77.61947997824282
43.0810751,-77.618797,43.08122181576346,-77.61873190210856
43.0810751,-77.618797,43.08102103282231,-77.61891994237527
43.0810737,-77.6188116,43.08110176679433,-77.61904664460002
43.0810737,-77.6188116,43.08113074285472,-77.61878959683038
43.0810733,-77.6188198,43.08098336056681,-77.61881118834944
43.0810733,-77.6188198,43.080971088830466,-77.61847753841089
43.0810727,-77.6188269,43.08101908460914,-77.61880383156745
43.0810727,-77.6188269,43.08109196994486,-77.61887407707745
43.0810727,-77.6188394,43.08102302666741,-77.61963153338648
43.0810727,-77.6188394,43.08101831494251,-77.619093230633
43.0810726,-77.6188555,43.08123044992812,-77.61914411632034
43.0810726,-77.6188555,43.08096259031574,-77.61901175074699
43.0810737,-77.6188691,43.0812347294163,-77.61883168305772
43.0810737,-77.6188691,43.081131382223376,-77.61877677394996
43.0810738,-77.6188866,43.08119516804534,-77.61883180123456
43.0810738,-77.6188866,43.08095599583668,-77.61889341200913
43.0810735,-77.6189008,43.081003430600326,-77.6192056158226
43.0810735,-77.6189008,43.08109698116244,-77.61887543935602
43.0810738,-77.6189094,43.08083437748784,-77.61926221581744
43.0810738,-77.6189094,43.08111683650768,-77.61893923000044
43.0810746,-77.6189205,43.081384454973104,-77.61893985994513
43.0810746,-77.6189205,43.081085603860146,-77.61886439160901
43.0810752,-77.6189287,43.080912311011005,-77.61929545230888
43.0810752,-77.6189287,43.080815190956905,-77.61870922925723
43.0810745,-77.6189331,43.080919393737524,-77.61875645851056
43.0810745,-77.6189331,43.08121418051208,-77.61907341171931
43.0810738,-77.6189457,43.08119923752099,-77.61934891473719
43.0810738,-77.6189457,43.08131217697097,-77.6192547209865
43.081074,-77.6189507,43.08101271835599,-77.61866053705609
43.081074,-77.6189507,43.081082075247885,-77.61890680493704
43.0810743,-77.6189617,43.08113283382199,-77.61916930905456
43.0810743,-77.6189617,43.08110476891781,-77.61906244020344
43.0810747,-77.6189701,43.08111699556187,-77.61912412146437
43.0810747,-77.6189701,43.081090497689864,-77.61862448009157
43.0810747,-77.6189786,43.081088470829975,-77.61889908540039
43.0810747,-77.6189786,43.08121504513619,-77.61901693870588
43.0810751,-77.6189904,43.08116124596134,-77.61907580875668
43.0810751,-77.6189904,43.08105859984676,-77.61962625996183
43.0810755,-77.6190034,43.081001672353814,-77.61836533460077
43.0810755,-77.6190034,43.081146001596466,-77.61909640912555
43.0810757,-77.6190114,43.08090060802846,-77.61876429992076
43.0810757,-77.6190114,43.08106914975274,-77.61913999634805
43.0810762,-77.619023,43.08135911853658,-77.61904997850078
43.0810762,-77.619023,43.08118240570502,-77.61904454728678
43.0810764,-77.6190318,43.08107751850467,-77.61909371553034
43.0810764,-77.6190318,43.080978740620644,-77.61863527896408
43.0810767,-77.6190422,43.08100541013406,-77.61897836728724
43.0810767,-77.6190422,43.081064752347956,-77.6189920545336
43.0810761,-77.6190579,43.08113841202605,-77.61909613488776
43.0810761,-77.6190579,43.08087785657792,-77.61885677792984
43.0810761,-77.6190678,43.08115832166106,-77.61910776861882
43.0810761,-77.6190678,43.08109194234639,-77.61928052654484
43.0810761,-77.6190812,43.080936545520146,-77.61904438497565
43.0810761,-77.6190812,43.08109064507398,-77.61913529861148
43.0810756,-77.6190894,43.08097012792054,-77.61898470047772
43.0810756,-77.6190894,43.08109040287321,-77.61953709985059
43.0810756,-77.619099,43.08111639259266,-77.6191420416624
43.0810756,-77.619099,43.08097580031002,-77.61912034744608
43.0810752,-77.6191098,43.08118884002297,-77.61923674189804
43.0810752,-77.6191098,43.081073775576435,-77.61900397144449
43.0810748,-77.6191191,43.08103395803435,-77.61907462073943
43.0810748,-77.6191191,43.08105058707898,-77.61898222710683
43.0810751,-77.6191343,43.080981505237396,-77.61957486706346
43.0810751,-77.6191343,43.08130652590463,-77.61927997132625
43.0810757,-77.6191416,43.08123416058702,-77.61953271474464
43.0810757,-77.6191416,43.0809746293621,-77.61914487351974
43.0810749,-77.619149,43.081248180878774,-77.61927283539961
43.0810749,-77.619149,43.080948297021145,-77.61920766833366
43.081073,-77.6191601,43.081025207370914,-77.61906730488076
43.081073,-77.6191601,43.08096526907241,-77.6192455761833
43.0810635,-77.6191742,43.08099408747179,-77.6191671721185
43.0810635,-77.6191742,43.08103710485316,-77.61949083418172
43.081058,-77.6191752,43.08083143308669,-77.61875455987408
43.081058,-77.6191752,43.08108525822261,-77.61946273023538
43.0810504,-77.6191783,43.08088949417777,-77.61921920510258
43.0810504,-77.6191783,43.081232352279244,-77.61971808926756
43.0810402,-77.6191869,43.08114876664527,-77.61905894368597
43.0810402,-77.6191869,43.0810795605765,-77.61930689299479
43.08103,-77.6191942,43.08101752066024,-77.61924770357938
43.08103,-77.6191942,43.08110505103496,-77.6192297154839
43.0810225,-77.6192023,43.08093484662285,-77.6204234009605
43.0810225,-77.6192023,43.08118490655954,-77.61927778266484
43.0810157,-77.6192072,43.0810063123159,-77.61904968525367
43.0810157,-77.6192072,43.081003018549055,-77.61935297028126
43.0810108,-77.6192137,43.08069381653368,-77.61977790843854
43.0810108,-77.6192137,43.081042095743214,-77.619123109164
43.0810072,-77.6192142,43.08113654856485,-77.61902737599182
43.0810072,-77.6192142,43.08109159103954,-77.61912505432328
43.0809999,-77.6192147,43.08078777014324,-77.61931211264162
43.0809999,-77.6192147,43.08100651341541,-77.61920234480814
43.0809876,-77.6192118,43.080897664876474,-77.61970249853955
43.0809876,-77.6192118,43.08067609714428,-77.61865325192664
43.0809811,-77.619211,43.08098245164301,-77.61921022494145
43.0809811,-77.619211,43.0808489769564,-77.61940993347453
43.0809742,-77.6192079,43.080859347539565,-77.6189159949965
43.0809742,-77.6192079,43.081154885640146,-77.61866241694771
43.0809661,-77.6192062,43.080631398060845,-77.61909303168765
43.0809661,-77.6192062,43.08094917214802,-77.61920132688664
43.0809515,-77.6192014,43.080736990458945,-77.6192195830864
43.0809515,-77.6192014,43.081026046026075,-77.61919616869375
43.0809436,-77.6191978,43.081072111215555,-77.61927531052612
43.0809436,-77.6191978,43.08088485610594,-77.61884023010467
43.0809381,-77.6191947,43.08068233510568,-77.61947328872347
43.0809381,-77.6191947,43.08140301359536,-77.61922356428342
43.0809276,-77.6191923,43.08099658877591,-77.6190718591421
43.0809276,-77.6191923,43.08086327408498,-77.61935153182364
43.0809143,-77.6191883,43.080946152456534,-77.61935383191539
43.0809143,-77.6191883,43.08085797691416,-77.61920304354334
43.080908,-77.6191882,43.08090815668108,-77.61917557935816
43.080908,-77.6191882,43.08073898253963,-77.61915532379471
43.0809029,-77.619188,43.08092061047048,-77.61907374224361
43.0809029,-77.619188,43.08100879872884,-77.61896627578797
43.0808938,-77.6191889,43.0809000066619,-77.61884993722126
43.0808938,-77.6191889,43.080852432262965,-77.61934675777407
43.0808873,-77.619189,43.08075637383904,-77.61892015823638
43.0808873,-77.619189,43.080811567167345,-77.6190791156986
43.0808777,-77.6191923,43.08093931749046,-77.61937757806919
43.0808777,-77.6191923,43.08069051238997,-77.61901943693829
43.0808675,-77.6191936,43.080821247143106,-77.61932256790556
43.0808675,-77.6191936,43.08075259557699,-77.61905024420759
43.080862,-77.6191917,43.08051700437832,-77.61876422021527
43.080862,-77.6191917,43.08073146516111,-77.6186321452102
43.0808564,-77.6191902,43.080928029767485,-77.61921535671347
43.0808564,-77.6191902,43.0812164833407,-77.61920162002997
43.0808497,-77.61919,43.080927297076144,-77.61905518167842
43.0808497,-77.61919,43.080806970702525,-77.61908692475687
43.0808367,-77.6191891,43.0809080959289,-77.61924217338658
43.0808367,-77.6191891,43.08088562411473,-77.61934674490197
43.0808301,-77.6191875,43.0808101586459,-77.61924620025508
43.0808301,-77.6191875,43.08087676904649,-77.61912571075862
43.0808252,-77.6191858,43.08084422367764,-77.61902406400135
43.0808252,-77.6191858,43.080633263974015,-77.61929945257124
43.0808167,-77.6191847,43.080960791334576,-77.61895070012652
43.0808167,-77.6191847,43.08071948255591,-77.61936144401767
43.0808113,-77.6191828,43.08087991002199,-77.61925466497279
43.0808113,-77.6191828,43.08081421885116,-77.61901522042979
43.080804,-77.619181,43.08101265869503,-77.61939248175844
43.080804,-77.619181,43.080907819661476,-77.61925434182167
43.080798,-77.6191797,43.08077329297789,-77.61907045748008
43.080798,-77.6191797,43.080669802219106,-77.61917891510616
43.0807932,-77.619178,43.08090867046276,-77.61924964613398
43.0807932,-77.619178,43.080680222506885,-77.61967729509878
43.0807846,-77.6191765,43.080875271656026,-77.6192809262615
43.0807846,-77.6191765,43.08112790188653,-77.6192482077931
43.0807759,-77.6191748,43.08086871654883,-77.61915923385381
43.0807759,-77.6191748,43.0807248326151,-77.61881705952118
43.080757,-77.6191767,43.08094019846604,-77.61887764778452
43.080757,-77.6191767,43.080643412018524,-77.61883901046535
43.0807448,-77.6191791,43.08082944616923,-77.61925498603375
43.0807448,-77.6191791,43.08079871083637,-77.61866983006921
43.0807349,-77.6191816,43.08073341966569,-77.61917887216065
43.0807349,-77.6191816,43.080803988150834,-77.61910972286509
43.0807277,-77.6191829,43.08082330989954,-77.6195303869766
43.0807277,-77.6191829,43.08082682710176,-77.61927925644093
43.0807189,-77.6191834,43.080282549341966,-77.6193865720805
43.0807189,-77.6191834,43.08042850131373,-77.6190746598532
43.0807065,-77.6191853,43.080897357624785,-77.61921812817076
43.0807065,-77.6191853,43.08081512054078,-77.6191932495301
43.0806974,-77.6191863,43.08083209006518,-77.61931257178996
43.0806974,-77.6191863,43.080527610818834,-77.6190196783473
43.0806866,-77.6191872,43.08067700594528,-77.61924904914002
43.0806866,-77.6191872,43.0802865908336,-77.61887154161988
43.0806794,-77.6191883,43.080920280874686,-77.61905991756528
43.0806794,-77.6191883,43.08076128152429,-77.61930615213828
43.0806716,-77.6191907,43.08060522228607,-77.61908008474441
43.0806716,-77.6191907,43.080733207418085,-77.61916136780297
43.0806653,-77.6191971,43.08068706344764,-77.6193838835902
43.0806653,-77.6191971,43.080727314279265,-77.61918123387174
43.0806562,-77.6191994,43.080680284033704,-77.61901208940816
43.0806562,-77.6191994,43.08081187730725,-77.61943188341604
43.0806466,-77.6192005,43.08063933786439,-77.6190647341371
43.0806466,-77.6192005,43.080516660489494,-77.61938525757175
43.0806341,-77.6191994,43.08050063344892,-77.61933611400262
43.0806341,-77.6191994,43.08058024807957,-77.61917365302078
43.0806292,-77.6191984,43.08057897872371,-77.61923597018696
43.0806292,-77.6191984,43.08064478237001,-77.61927808605277
43.0806248,-77.619197,43.080448906853945,-77.6187152128297
43.0806248,-77.619197,43.080563538905274,-77.61938185779063
43.0806173,-77.619197,43.08057669188392,-77.61895018789076
43.0806173,-77.619197,43.08043333971819,-77.61943272753416
43.080601,-77.6192084,43.08054054285861,-77.6190748824883
43.080601,-77.6192084,43.08034929375437,-77.6202368243455
43.0805943,-77.6192111,43.08073878803786,-77.61891370392703
43.0805943,-77.6192111,43.080854127299084,-77.61993747734752
43.0805874,-77.6192122,43.080636620318344,-77.61948527174381
43.0805874,-77.6192122,43.0803606820482,-77.61916845607684
43.0805766,-77.619209,43.08048617843335,-77.6189630861268
43.0805766,-77.619209,43.080474484476376,-77.61959233117122
43.0805655,-77.6192072,43.08076124323486,-77.61907491117668
43.0805655,-77.6192072,43.0805421409515,-77.61905473231539
43.0805595,-77.6192038,43.08052882298305,-77.61925417557158
43.0805595,-77.6192038,43.08063349104543,-77.61919072179982
43.0805485,-77.6192057,43.08046284381731,-77.61933489247548
43.0805485,-77.6192057,43.08079083331906,-77.61912476811438
43.0805376,-77.6192063,43.08058074151903,-77.61920323366121
43.0805376,-77.6192063,43.080624830487395,-77.61911912054374
43.0805245,-77.6192021,43.08051550499432,-77.619154324578
43.0805245,-77.6192021,43.08054664658918,-77.61924446829552
43.0805129,-77.6191971,43.08059160106311,-77.618871140138
43.0805129,-77.6191971,43.08028441226318,-77.61956991056867
43.0805062,-77.6191932,43.08059655944593,-77.61923482971683
43.0805062,-77.6191932,43.08061629189373,-77.61924612047498
43.0805007,-77.6191915,43.08043128208837,-77.61917108825776
43.0805007,-77.6191915,43.08046977204805,-77.61910299783578
43.0804902,-77.619195,43.080495506053325,-77.61894539290913
43.0804902,-77.619195,43.080649448441314,-77.61890526614648
43.0804809,-77.6191959,43.080421704671124,-77.61917969570723
43.0804809,-77.6191959,43.0806902670357,-77.61923099747493
43.080472,-77.6191961,43.08050008018764,-77.61895465120604
43.080472,-77.6191961,43.080635362876365,-77.61911864697922
43.0804643,-77.6191951,43.080406679074464,-77.61916954246176
43.0804643,-77.6191951,43.080476726402765,-77.61964370363037
43.0804523,-77.6191948,43.080369772090734,-77.61924169145176
43.0804523,-77.6191948,43.0804165589347,-77.61921480868402
43.0804469,-77.6191931,43.08054244020702,-77.61907119906864
43.0804469,-77.6191931,43.08050236432374,-77.61915789781648
43.0804391,-77.6191965,43.08044487032432,-77.61893716005741
43.0804391,-77.6191965,43.0804891940775,-77.61894833674575
43.0804332,-77.6191954,43.08048009832342,-77.61936987802962
43.0804332,-77.6191954,43.08041029110673,-77.61923479353112
43.0804219,-77.6191909,43.0805312464086,-77.6196858886959
43.0804219,-77.6191909,43.08056131917916,-77.61961244021307
43.0804143,-77.6191884,43.08037788831035,-77.61857966746713
43.0804143,-77.6191884,43.08053479393909,-77.61897694344853
43.0804048,-77.6191844,43.08056625733193,-77.61928721748693
43.0804048,-77.6191844,43.08048909153383,-77.61910925952267
43.0803989,-77.6191831,43.080504418200746,-77.61930700367586
43.0803989,-77.6191831,43.08057886342055,-77.61968123503581
43.0803917,-77.6191872,43.080398251512214,-77.61922810232689
43.0803917,-77.6191872,43.08031039309944,-77.61842849413554
43.0803841,-77.6191911,43.08046586923323,-77.61905331455746
43.0803841,-77.6191911,43.080139546450134,-77.6195343904738
43.0803763,-77.6191979,43.080511334410424,-77.61959609946368
43.0803763,-77.6191979,43.08050750482646,-77.6196630311844
43.0803728,-77.6192083,43.08030817712759,-77.61940738330365
43.0803728,-77.6192083,43.080383855756786,-77.61932861092461
43.0803699,-77.6192267,43.08035104598456,-77.61939670262043
43.0803699,-77.6192267,43.080271165668066,-77.61921262457955
43.0803711,-77.6192421,43.08043157837068,-77.6191793671321
43.0803711,-77.6192421,43.08022461703823,-77.61991061810937
43.0803748,-77.6192682,43.0803219663981,-77.61897003646527
43.0803748,-77.6192682,43.080244264689306,-77.61889403115798
43.0803769,-77.6192765,43.08042144613292,-77.61952742684508
43.0803769,-77.6192765,43.080624000258915,-77.61919789600678
43.0803781,-77.6192898,43.08037339193345,-77.6196058194705
43.0803781,-77.6192898,43.08042144679852,-77.61958431352417
43.0803801,-77.619303,43.080266730902174,-77.61935995569493
43.0803801,-77.619303,43.079959334202066,-77.61934166560265
43.0803816,-77.6193224,43.080460123522606,-77.6191480076967
43.0803816,-77.6193224,43.08068428516379,-77.6193813969169
43.0803831,-77.6193389,43.080388438597765,-77.61941034450459
43.0803831,-77.6193389,43.080286785168255,-77.61888512362245
43.0803838,-77.6193545,43.0803544007125,-77.6194169991606
43.0803838,-77.6193545,43.08040045786311,-77.61933036810277
43.0803846,-77.6193636,43.080348877998894,-77.61902582959935
43.0803846,-77.6193636,43.080359853839326,-77.61924016213577
43.0803847,-77.6193739,43.08033458719609,-77.6195749002907
43.0803847,-77.6193739,43.08042915428939,-77.61921462300401
43.0803841,-77.6193854,43.0803472886321,-77.61963330351725
43.0803841,-77.6193854,43.08054933737694,-77.61915382724537
43.0803839,-77.6193936,43.080398477792706,-77.61905089993145
43.0803839,-77.6193936,43.080238494549484,-77.61921134023446
43.080384,-77.619403,43.0804773823037,-77.61959959994253
43.080384,-77.619403,43.080342199409515,-77.61941248945378
43.0803858,-77.6194217,43.08028502686393,-77.61903737791462
43.0803858,-77.6194217,43.0803677341518,-77.61933529446043
43.0803869,-77.6194431,43.080479907035716,-77.61922311644636
43.0803869,-77.6194431,43.08001743745914,-77.61976357872399
43.0803884,-77.6194614,43.08045019336744,-77.61938139588459
43.0803884,-77.6194614,43.08035413381238,-77.61918263122726
43.0803888,-77.6194702,43.080365975907036,-77.6194473994406
43.0803888,-77.6194702,43.08030182522006,-77.61947652065159
43.0803892,-77.6194771,43.080365872078154,-77.6194722551547
43.0803892,-77.6194771,43.080152685939915,-77.61924728819794
43.0803892,-77.619488,43.080395534808865,-77.61934155955599
43.0803892,-77.619488,43.08069245641019,-77.61940004337676
43.0803892,-77.6194991,43.08050277891755,-77.61983548824189
43.0803892,-77.6194991,43.080358554253735,-77.61952380785316
43.0803878,-77.6195141,43.08022522245699,-77.61941681107413
43.0803878,-77.6195141,43.080380840402356,-77.61943721133521
43.0803868,-77.6195335,43.08049166473694,-77.61939104600665
43.0803868,-77.6195335,43.079918774596,-77.61934212166946
43.0803862,-77.6195461,43.08028157340641,-77.6196411948513
43.0803862,-77.6195461,43.08030355227321,-77.61956777297652
43.0803859,-77.6195519,43.080105764143646,-77.61969505951211
43.0803859,-77.6195519,43.08038908092626,-77.61970976422532
43.0803855,-77.6195625,43.08029801892941,-77.61982628099616
43.0803855,-77.6195625,43.08019602368279,-77.61976498442189
43.0803828,-77.6195782,43.08036365650089,-77.61973429615013
43.0803828,-77.6195782,43.08037118022054,-77.61960197659381
43.0803795,-77.6195891,43.08042500151476,-77.61946569038129
43.0803795,-77.6195891,43.080406653879756,-77.61943293786402
43.0803715,-77.6196054,43.08035067761005,-77.6197577454636
43.0803715,-77.6196054,43.08068099222846,-77.61965672785745
43.0803689,-77.6196114,43.08044335393878,-77.619453384079
43.0803689,-77.6196114,43.08043561410336,-77.61967331854542
43.0803655,-77.619622,43.0803061863167,-77.61971843534494
43.0803655,-77.619622,43.08033254136461,-77.61987369577993
43.0803588,-77.619638,43.080118040376846,-77.61947228783983
43.0803588,-77.619638,43.08041675577409,-77.61957543713895
43.0803507,-77.6196531,43.08017811582117,-77.61975692538958
43.0803507,-77.6196531,43.080020215983204,-77.61858762280724
43.0803442,-77.6196626,43.08017864033524,-77.61980771426063
43.0803442,-77.6196626,43.08091517862669,-77.62006078385635
43.080331,-77.6196795,43.080124021787306,-77.61975849380977
43.080331,-77.6196795,43.0802485529277,-77.61971956331995
43.0803228,-77.6196935,43.08033395338421,-77.61967906012589
43.0803228,-77.6196935,43.08021153599985,-77.61966780895665
43.0803158,-77.6197068,43.08043239722786,-77.61967123176338
43.0803158,-77.6197068,43.08019582857819,-77.61961534571512
43.0803126,-77.6197136,43.080276683913965,-77.61997690800816
43.0803126,-77.6197136,43.08026416909976,-77.61962655301888
43.0803096,-77.6197196,43.080412891820465,-77.6200437496309
43.0803096,-77.6197196,43.080323009582386,-77.61935432983972
43.0803054,-77.6197293,43.080393644080615,-77.61941705216901
43.0803054,-77.6197293,43.080308395140705,-77.61967675990412
43.0802979,-77.619739,43.08017825460087,-77.61995119167322
43.0802979,-77.619739,43.08038695695773,-77.62010827398643
43.0802938,-77.6197451,43.08033605176165,-77.61968866206611
43.0802938,-77.6197451,43.08023872802025,-77.62011464427005
43.0802895,-77.619753,43.08031485185001,-77.61961194957007
43.0802895,-77.619753,43.08024327313739,-77.61968749032741
43.0802799,-77.6197669,43.07999136345169,-77.61932903599582
43.0802799,-77.6197669,43.0802205226824,-77.61960918516162
43.0802737,-77.6197775,43.08040787487608,-77.6196953248819
43.0802737,-77.6197775,43.08032809768997,-77.61986858897468
43.0802664,-77.619788,43.08021444182981,-77.62012851504281
43.0802664,-77.619788,43.08024668197895,-77.61975305377415
43.0802565,-77.6197968,43.080233718243264,-77.6196346800845
43.0802565,-77.6197968,43.08035638054441,-77.61973317430916
43.080252,-77.619806,43.08040096143034,-77.61965809595613
43.080252,-77.619806,43.08021288563814,-77.61995317398615
43.0802491,-77.6198124,43.080428089995046,-77.61978516872486
43.0802491,-77.6198124,43.08013225819147,-77.61987544315329
43.0802462,-77.6198192,43.079892750169705,-77.62011782426238
43.0802462,-77.6198192,43.08027036035873,-77.61959035007726
43.0802425,-77.6198279,43.08036260344504,-77.62016551426625
43.0802425,-77.6198279,43.08018713925563,-77.61999645308725
43.0802377,-77.6198381,43.080395194194494,-77.61913271741281
43.0802377,-77.6198381,43.0801560963697,-77.61999526511603
43.0802337,-77.6198464,43.08014644756138,-77.62014215860138
43.0802337,-77.6198464,43.08045790475045,-77.62038842705284
43.0802304,-77.6198532,43.08019240964549,-77.61970631691709
43.0802304,-77.6198532,43.0800382036404,-77.61973393107334
43.0802232,-77.6198582,43.080278511509604,-77.61931823247606
43.0802232,-77.6198582,43.08021232492648,-77.61983202613847
43.0802166,-77.6198657,43.0797838378487,-77.61991586972266
43.0802166,-77.6198657,43.08014106959585,-77.61964082172479
43.0802074,-77.6198807,43.08013598529095,-77.61986137736484
43.0802074,-77.6198807,43.08031696336881,-77.62025382348222
43.0802009,-77.6198941,43.080007520203786,-77.62008359917047
43.0802009,-77.6198941,43.08010856333423,-77.619804737209
43.0801942,-77.619907,43.080340317183285,-77.62023559085549
43.0801942,-77.619907,43.08017681923743,-77.62007990750612
43.0801829,-77.619914,43.079895055968315,-77.62009358719233
43.0801829,-77.619914,43.08012360130262,-77.62019210235869
43.0801722,-77.6199191,43.079933618179346,-77.6200059578818
43.0801722,-77.6199191,43.080183515079106,-77.6197509825103
43.0801686,-77.6199222,43.08017303965226,-77.61971222338192
43.0801686,-77.6199222,43.08008541972831,-77.61985490581351
43.0801619,-77.6199292,43.080305677529324,-77.61957655067253
43.0801619,-77.6199292,43.08013707914004,-77.61990438807547
43.0801555,-77.6199359,43.080158250771056,-77.61985876297686
43.0801555,-77.6199359,43.07994875466678,-77.62016178044678
43.0801511,-77.6199405,43.08015282765327,-77.61995848987206
43.0801511,-77.6199405,43.08026065318064,-77.61996700083274
43.0801417,-77.61995,43.08011868866508,-77.61984265168994
43.0801417,-77.61995,43.079975889385366,-77.61967951540085
43.0801347,-77.6199558,43.08008211165836,-77.61971809669073
43.0801347,-77.6199558,43.0799358057008,-77.62008155863894
43.0801247,-77.619966,43.08015873511471,-77.61958587653217
43.0801247,-77.619966,43.08009248277159,-77.61997156243535
43.0801164,-77.6199787,43.08018669685128,-77.6199210204402
43.0801164,-77.6199787,43.08005279796844,-77.6198153774786
43.0801091,-77.6199918,43.08013854059826,-77.62042102503347
43.0801091,-77.6199918,43.0801953532011,-77.62034376323808
43.0801045,-77.6200004,43.080156762409366,-77.62000060120137
43.0801045,-77.6200004,43.080279674167315,-77.62059114400098
43.0801018,-77.6200067,43.080110219031305,-77.62000633699517
43.0801018,-77.6200067,43.08003904355569,-77.62068320003569
43.080097,-77.6200167,43.07987392350001,-77.62016556716081
43.080097,-77.6200167,43.08013301210351,-77.62028232728301
43.0800792,-77.6200299,43.080327453362955,-77.6203590825469
43.0800792,-77.6200299,43.08007311671664,-77.61976201030626
43.0800771,-77.6200367,43.079809020785845,-77.6200759445492
43.0800771,-77.6200367,43.08028230647469,-77.61966077147268
43.0800765,-77.6200599,43.080191336621574,-77.61994247891552
43.0800765,-77.6200599,43.079901519139,-77.61958951202881
43.080078,-77.6200778,43.07990783063884,-77.6205429907044
43.080078,-77.6200778,43.07995750140011,-77.62013081952094
43.0800779,-77.6200964,43.08003677205095,-77.62012361686885
43.0800779,-77.6200964,43.08057179162577,-77.6204077138915
43.080081,-77.6201137,43.08028778795347,-77.6206351460907
43.080081,-77.6201137,43.08010623354186,-77.62032831130978
43.0800824,-77.6201235,43.08044078331412,-77.62008112172008
43.0800824,-77.6201235,43.08010993421131,-77.62014520363529
43.0800865,-77.6201288,43.08025166927098,-77.61999436487409
43.0800865,-77.6201288,43.080014795236,-77.62004424619519
43.0800907,-77.6201415,43.080287060831814,-77.62023126332397
43.0800907,-77.6201415,43.08011223580607,-77.62014707421808
43.0800956,-77.6201494,43.07988746402655,-77.61949217310337
43.0800956,-77.6201494,43.079867038433626,-77.62016164216232
43.0801003,-77.6201573,43.08027069259969,-77.62046229110865
43.0801003,-77.6201573,43.08012322794691,-77.6195051241896
43.0801048,-77.6201636,43.08003656741885,-77.62009131912615
43.0801048,-77.6201636,43.08025972457506,-77.62040819814325
43.080112,-77.620169,43.08006172680433,-77.61995428298133
43.080112,-77.620169,43.07979876282033,-77.6201839664069
43.0801195,-77.6201739,43.080102259971234,-77.62007643662022
43.0801195,-77.6201739,43.08041931922715,-77.62002325454586
43.0801262,-77.6201773,43.0799105037722,-77.62022604311144
43.0801262,-77.6201773,43.080203396698934,-77.6200985055953
43.0801349,-77.6201795,43.07997379621291,-77.62043255912658
43.0801349,-77.6201795,43.080058387895285,-77.61977652306747
43.080151,-77.6201818,43.08000504405286,-77.62012016171046
43.080151,-77.6201818,43.0797721651457,-77.62031781117975
43.0801622,-77.6201836,43.08039901374909,-77.62028355478081
43.0801622,-77.6201836,43.07987280584734,-77.62064378514935
43.0801736,-77.6201885,43.08025539450325,-77.62025047467596
43.0801736,-77.6201885,43.080392236549486,-77.62040712689881
43.0801869,-77.6202041,43.08020899340585,-77.6202674258495
43.0801869,-77.6202041,43.08011702428528,-77.62020085605428
43.0801826,-77.6202051,43.080664079392996,-77.62021686220362
43.0801826,-77.6202051,43.080160692295145,-77.62020333758427
43.0801842,-77.6202062,43.08020730150886,-77.6200970920412
43.0801842,-77.6202062,43.08028639035437,-77.62049326330062
43.0801894,-77.6202084,43.079923117502716,-77.62021964722864
43.0801894,-77.6202084,43.08030891597428,-77.62009006802833
43.0801929,-77.620216,43.08030250908219,-77.61993912489497
43.0801929,-77.620216,43.0800727559341,-77.62027240741483
43.080195,-77.6202216,43.080197671411625,-77.6201490513783
43.080195,-77.6202216,43.080147720889286,-77.6203259444909
43.0801983,-77.6202269,43.08042463745489,-77.6201307899386
43.0801983,-77.6202269,43.08039883024768,-77.62049434468804
43.0802036,-77.6202306,43.08028412159433,-77.62054857589868
43.0802036,-77.6202306,43.079976459706245,-77.62060297515112
43.0802073,-77.6202333,43.07985685411794,-77.62031660440803
43.0802073,-77.6202333,43.080281033459066,-77.61972257261384
43.080213,-77.6202325,43.08028209527331,-77.61976689758612
43.080213,-77.6202325,43.08012951531156,-77.6201461511253
43.080221,-77.6202398,43.08027618638513,-77.61992457563836
43.080221,-77.6202398,43.08016534272861,-77.6203123044481
43.080223,-77.6202501,43.08045435819742,-77.62000251409617
43.080223,-77.6202501,43.08023272813304,-77.62006247291613
43.0802144,-77.6202501,43.080081605953076,-77.62033342510237
43.0802144,-77.6202501,43.08025560615159,-77.62011524448698
43.0802115,-77.6202495,43.07998349067961,-77.62039108378043
43.0802115,-77.6202495,43.08006838296981,-77.62030608554672
43.0802115,-77.6202491,43.08025368044688,-77.62036324814775
43.0802115,-77.6202491,43.08033664298306,-77.62000356649082
43.0802112,-77.6202498,43.08039654256045,-77.61997165222061
43.0802112,-77.6202498,43.080188829072924,-77.62030761483719
43.0802111,-77.6202496,43.080196281415766,-77.62041075790772
43.0802111,-77.6202496,43.08020599919015,-77.62027803390875
43.0802081,-77.6202476,43.08029061068581,-77.6202477289007
43.0802081,-77.6202476,43.080287688679434,-77.62062900302361
43.0802074,-77.6202491,43.080209207126735,-77.62017893494952
43.0802074,-77.6202491,43.08018567942324,-77.62005290488405
43.0802076,-77.6202507,43.08028128423395,-77.62024882520966
43.0802076,-77.6202507,43.08014546951597,-77.62008161501966
43.0802076,-77.6202519,43.08024739268115,-77.62066127843032
43.0802076,-77.6202519,43.08026348020557,-77.62102541564275
43.0802076,-77.6202519,43.080089202667935,-77.6196734313686
43.0802076,-77.6202519,43.080174674058014,-77.62042037209402
43.0802079,-77.620253,43.08053364652682,-77.62034197724532
43.0802079,-77.620253,43.080232570333486,-77.62039110604438
43.0802083,-77.6202537,43.08032892971905,-77.62022640341937
43.0802083,-77.6202537,43.0801734019789,-77.62036253707986
43.0802077,-77.6202547,43.08033521268519,-77.62036231675646
43.0802077,-77.6202547,43.08027509216924,-77.62023032168372
43.080207,-77.6202551,43.0801657082125,-77.61946447341379
43.080207,-77.6202551,43.08030163900804,-77.62042100419856
43.0802052,-77.6202578,43.080283966511814,-77.62010385385477
43.0802052,-77.6202578,43.08037193182819,-77.62007554794756
43.0802003,-77.6202565,43.08018007819104,-77.62019191717079
43.0802003,-77.6202565,43.080212221045755,-77.62013875958905
43.080199,-77.6202566,43.08020942161024,-77.62018272637599
43.080199,-77.6202566,43.08017172788749,-77.61981196736775
43.0801971,-77.6202575,43.08016201827373,-77.62022166642959
43.0801971,-77.6202575,43.080178245105216,-77.62008266427954
43.0801945,-77.6202569,43.080246731642475,-77.62034926275663
43.0801945,-77.6202569,43.08011628563029,-77.62020086090274
43.0801947,-77.6202552,43.080512564781586,-77.6204781389339
43.0801947,-77.6202552,43.08019193242973,-77.6202283378726
43.0801926,-77.6202491,43.08021402069686,-77.62008204935877
43.0801926,-77.6202491,43.08036811239237,-77.62039078585346
43.0801932,-77.6202496,43.08015741205461,-77.62041145987678
43.0801932,-77.6202496,43.08023145396702,-77.62030065454505
43.0802017,-77.6202749,43.08009450498654,-77.62044468032735
43.0802017,-77.6202749,43.08013477035389,-77.62014411073312
43.080211,-77.6202848,43.080033126472664,-77.62109210919033
43.080211,-77.6202848,43.080112133407134,-77.61980586060135
43.0802174,-77.6202773,43.080612843969504,-77.61990980693655
43.0802174,-77.6202773,43.0800335974046,-77.62007577184553
43.08022,-77.6202724,43.08022071595227,-77.62022017773462
43.08022,-77.6202724,43.08015978221743,-77.62020696617127
43.0802232,-77.6202782,43.08027078106681,-77.62013149760052
43.0802232,-77.6202782,43.08049729736088,-77.62020390895582
43.0802254,-77.620287,43.08032345275471,-77.62022355271561
43.0802254,-77.620287,43.08009302170364,-77.62038153382233
43.080223,-77.6202833,43.08022248614526,-77.62051355406832
43.080223,-77.6202833,43.0802711390932,-77.62025569103044
43.0802295,-77.6202744,43.08020261390527,-77.62035432714637
43.0802295,-77.6202744,43.080634736519556,-77.62032197731676
43.0802311,-77.6202692,43.08028063846511,-77.62015185014687
43.0802311,-77.6202692,43.08027402115981,-77.62036412595037
43.080234,-77.6202648,43.0803804676845,-77.61979113548522
43.080234,-77.6202648,43.08009580772682,-77.6203540703463
43.0802348,-77.6202651,43.08021796639384,-77.62027560437396
43.0802348,-77.6202651,43.08015706709354,-77.62039487746594
43.0802289,-77.6202595,43.08038985261709,-77.61992295742495
43.0802289,-77.6202595,43.08029736212363,-77.62023368443563
43.0802292,-77.6202589,43.079976234809706,-77.6203116741352
43.0802292,-77.6202589,43.08014819241155,-77.62017944536264
43.0802303,-77.6202583,43.08027209927349,-77.62022068370776
43.0802303,-77.6202583,43.08040861770312,-77.62053589125921
43.0802309,-77.620258,43.08013755619054,-77.62045349930466
43.0802309,-77.620258,43.08023420553015,-77.62026873824277
43.0802316,-77.6202575,43.07998168747963,-77.61993323870632
43.0802316,-77.6202575,43.07982800747555,-77.62014715239195
43.0802274,-77.6202486,43.08029253654145,-77.62005029348578
43.0802274,-77.6202486,43.08032107778384,-77.6202535683609
43.080231,-77.620249,43.08023851133634,-77.6202614370181
43.080231,-77.620249,43.08022699909531,-77.62012552035075
43.0802332,-77.6202548,43.08009838782202,-77.62011113500532
43.0802332,-77.6202548,43.080334563786025,-77.62050308020068
43.0802333,-77.6202604,43.08018845078298,-77.62028475018856
43.0802333,-77.6202604,43.080039761858416,-77.62018956467904
43.0802327,-77.6202654,43.08057444550263,-77.62016147720334
43.0802327,-77.6202654,43.08044228914624,-77.61997331368003
43.0802327,-77.620271,43.08020021158779,-77.6202297046425
43.0802327,-77.620271,43.080153057743075,-77.62033929129491
43.0802332,-77.6202729,43.07988334707132,-77.61984370751667
43.0802332,-77.6202729,43.080086716957666,-77.62069516124572
43.0802348,-77.6202738,43.08026517861924,-77.62042213301291
43.0802348,-77.6202738,43.08024672071583,-77.62048718935021
43.0802362,-77.6202732,43.080185667226594,-77.62033323334948
43.0802362,-77.6202732,43.08014262785362,-77.62030012420269
43.0802375,-77.6202728,43.08030175096222,-77.62026080745139
43.0802375,-77.6202728,43.08060200770481,-77.62099422936605
43.0802399,-77.6202742,43.08035396129014,-77.62000988736025
43.0802399,-77.6202742,43.08025221333549,-77.62007209293442
43.0802339,-77.6202749,43.080206998033646,-77.62024099449185
43.0802339,-77.6202749,43.0802387159098,-77.62035264837859
43.0802333,-77.6202764,43.080161612643806,-77.620223592884
43.0802333,-77.6202764,43.0800775161041,-77.62079062398465
43.0802309,-77.6202792,43.08013542655013,-77.62019935626668
43.0802309,-77.6202792,43.08021577514685,-77.6201048592868
43.0802289,-77.6202803,43.08006948183305,-77.61993364533032
43.0802289,-77.6202803,43.08004498660429,-77.62036191631863
43.0802203,-77.6202812,43.08023034311694,-77.62065783661355
43.0802203,-77.6202812,43.07978571411857,-77.62026003169248
43.0802017,-77.6202765,43.07999257215306,-77.61993166310901
43.0802017,-77.6202765,43.07996492649966,-77.61999052724931
43.0801947,-77.6202783,43.08016064265746,-77.62023628470432
43.0801947,-77.6202783,43.0799906117414,-77.62022036490505
43.0801926,-77.6202821,43.0802375655423,-77.62020019199409
43.0801926,-77.6202821,43.08025658099392,-77.62014552646447
43.080194,-77.6202865,43.080269158052964,-77.62042788409336
43.080194,-77.6202865,43.0803743999255,-77.6205622073988
43.0801949,-77.620288,43.08023252636838,-77.62017824226639
43.0801949,-77.620288,43.07995462834595,-77.61967863636042
43.0801957,-77.6202884,43.08017764592372,-77.6201017238524
43.0801957,-77.6202884,43.0800885738266,-77.62027044744549
43.0801917,-77.6202805,43.08006964089542,-77.62020814874764
43.0801917,-77.6202805,43.08013332914604,-77.62037815422296
43.0801922,-77.6202772,43.08000433214431,-77.62058319829038
43.0801922,-77.6202772,43.08051899603639,-77.62035957352506
43.0801934,-77.6202758,43.08013511906701,-77.62015147379972
43.0801934,-77.6202758,43.08026085922748,-77.62028739944593
43.0801947,-77.620275,43.079714395916874,-77.61980692012082
43.0801947,-77.620275,43.08043824091628,-77.62025900082213
43.0801954,-77.6202753,43.080283927117534,-77.62046351941655
43.0801954,-77.6202753,43.08027526226931,-77.62008250677178
43.0801936,-77.6202686,43.080136735210814,-77.62019571894155
43.0801936,-77.6202686,43.080026466441446,-77.62038929230822
43.0801933,-77.6202671,43.080208404748184,-77.62031777473571
43.0801933,-77.6202671,43.08028300224154,-77.62038635225333
43.0801928,-77.6202653,43.08000685985868,-77.62053055523133
43.0801928,-77.6202653,43.08026121977656,-77.62020817084478
43.080193,-77.6202651,43.08014370297765,-77.62051151521813
43.080193,-77.6202651,43.08016753966333,-77.62025100782688
43.0801939,-77.6202675,43.080002748117685,-77.62036938124889
43.0801939,-77.6202675,43.080207801502794,-77.62069109669261
43.08019,-77.6202638,43.08005380448399,-77.61985239544703
43.08019,-77.6202638,43.080148768854414,-77.62026220712357
43.0801892,-77.6202639,43.08010952979093,-77.62054597436024
43.0801892,-77.6202639,43.08011219003635,-77.62001503752234
43.0801913,-77.6202639,43.08019080418789,-77.6201937507853
43.0801913,-77.6202639,43.08034689950474,-77.62009628883068
43.0801938,-77.6202648,43.08002078455022,-77.62051040818758
43.0801938,-77.6202648,43.08014989006354,-77.62030827227503
43.0801954,-77.6202659,43.08026056612183,-77.62012577744579
43.0801954,-77.6202659,43.08008298031929,-77.62016520968967
43.0801936,-77.62026,43.08000542506223,-77.62029167557861
43.0801936,-77.62026,43.08021907828616,-77.61983642757285
43.0801953,-77.6202602,43.07982512088217,-77.62036652470805
43.0801953,-77.6202602,43.080061094280126,-77.62016455032104
